{
  "summary": {
    "recording": "MAL11E",
    "target_freq_hz": 5.873899775444512,
    "model_freq_hz": 5.7138522151389415,
    "best_score": 0.2229828170639095,
    "psprate": 400.0,
    "kHAP": 50.0,
    "halflifeHAP": 8.0,
    "kAHP": 0.15,
    "halflifeAHP": 300.0,
    "runtime_s": 1200.0,
    "plot_path": "analysis\\baseline_fit\\mal11e_baseline_compare.png"
  },
  "stage1_top_scores": [
    0.1928034368010163,
    0.19468413405850737,
    0.20351679518697416,
    0.21956255687906928,
    0.2408850177663847
  ],
  "stage2_top_scores": [
    0.2101528085712399,
    0.22380786798304558,
    0.2287334191348013,
    0.23275251891151552,
    0.23771777499532654
  ]
}